Date,Median_Price,Year,Quarter,Price_YoY_Growth_Pct,Is_Outlier
1963-01-01,17800,1963,1,,0
1963-04-01,18000,1963,2,,0
1963-07-01,17900,1963,3,,0
1963-10-01,18500,1963,4,,0
1964-01-01,18500,1964,1,3.93258426966292,0
1964-04-01,18900,1964,2,5.000000000000004,0
1964-07-01,18900,1964,3,5.586592178770955,0
1964-10-01,19400,1964,4,4.86486486486486,0
1965-01-01,20200,1965,1,9.189189189189184,0
1965-04-01,19800,1965,2,4.761904761904767,0
1965-07-01,20200,1965,3,6.8783068783068835,0
1965-10-01,20300,1965,4,4.6391752577319645,0
1966-01-01,21000,1966,1,3.960396039603964,0
1966-04-01,22100,1966,2,11.616161616161612,0
1966-07-01,21500,1966,3,6.435643564356441,0
1966-10-01,21400,1966,4,5.418719211822665,0
1967-01-01,22300,1967,1,6.190476190476191,0
1967-04-01,23300,1967,2,5.429864253393668,0
1967-07-01,22500,1967,3,4.651162790697683,0
1967-10-01,22900,1967,4,7.009345794392519,0
1968-01-01,23900,1968,1,7.17488789237668,0
1968-04-01,24900,1968,2,6.866952789699576,0
1968-07-01,24800,1968,3,10.222222222222221,0
1968-10-01,25600,1968,4,11.79039301310043,0
1969-01-01,25700,1969,1,7.531380753138084,0
1969-04-01,25900,1969,2,4.016064257028118,0
1969-07-01,25900,1969,3,4.435483870967749,0
1969-10-01,24900,1969,4,-2.734375,0
1970-01-01,23900,1970,1,-7.003891050583655,0
1970-04-01,24400,1970,2,-5.7915057915057915,0
1970-07-01,23000,1970,3,-11.196911196911197,0
1970-10-01,22600,1970,4,-9.236947791164663,0
1971-01-01,24300,1971,1,1.673640167364021,0
1971-04-01,25800,1971,2,5.737704918032782,0
1971-07-01,25300,1971,3,10.000000000000009,0
1971-10-01,25500,1971,4,12.831858407079654,0
1972-01-01,26200,1972,1,7.818930041152261,0
1972-04-01,26800,1972,2,3.875968992248069,0
1972-07-01,27900,1972,3,10.276679841897241,0
1972-10-01,29200,1972,4,14.50980392156862,0
1973-01-01,30200,1973,1,15.267175572519086,0
1973-04-01,32700,1973,2,22.014925373134318,0
1973-07-01,33500,1973,3,20.07168458781361,0
1973-10-01,34000,1973,4,16.43835616438356,0
1974-01-01,35200,1974,1,16.55629139072847,0
1974-04-01,35600,1974,2,8.868501529051986,0
1974-07-01,36200,1974,3,8.059701492537318,0
1974-10-01,37200,1974,4,9.411764705882364,0
1975-01-01,38100,1975,1,8.238636363636353,0
1975-04-01,39000,1975,2,9.550561797752799,0
1975-07-01,38800,1975,3,7.182320441988943,0
1975-10-01,41200,1975,4,10.752688172043001,0
1976-01-01,42800,1976,1,12.335958005249337,0
1976-04-01,44200,1976,2,13.33333333333333,0
1976-07-01,44400,1976,3,14.432989690721643,0
1976-10-01,45500,1976,4,10.436893203883502,0
1977-01-01,46300,1977,1,8.177570093457941,0
1977-04-01,48900,1977,2,10.633484162895934,0
1977-07-01,48800,1977,3,9.90990990990992,0
1977-10-01,51600,1977,4,13.406593406593403,0
1978-01-01,53000,1978,1,14.470842332613397,0
1978-04-01,55300,1978,2,13.087934560327197,0
1978-07-01,56100,1978,3,14.959016393442614,0
1978-10-01,59000,1978,4,14.341085271317834,0
1979-01-01,60600,1979,1,14.33962264150943,0
1979-04-01,63100,1979,2,14.10488245931283,0
1979-07-01,64700,1979,3,15.329768270944744,0
1979-10-01,62600,1979,4,6.10169491525423,0
1980-01-01,63700,1980,1,5.115511551155105,0
1980-04-01,64000,1980,2,1.4263074484944571,0
1980-07-01,64900,1980,3,0.3091190108191588,0
1980-10-01,66400,1980,4,6.070287539936103,0
1981-01-01,66800,1981,1,4.866562009419151,0
1981-04-01,69400,1981,2,8.437500000000009,0
1981-07-01,69200,1981,3,6.6255778120184905,0
1981-10-01,70400,1981,4,6.024096385542177,0
1982-01-01,66400,1982,1,-0.5988023952095856,0
1982-04-01,69600,1982,2,0.2881844380403509,0
1982-07-01,69300,1982,3,0.14450867052022698,0
1982-10-01,71600,1982,4,1.7045454545454586,0
1983-01-01,73300,1983,1,10.391566265060238,0
1983-04-01,74900,1983,2,7.614942528735624,0
1983-07-01,77400,1983,3,11.688311688311682,0
1983-10-01,75900,1983,4,6.00558659217878,0
1984-01-01,78200,1984,1,6.684856753069579,0
1984-04-01,80700,1984,2,7.743658210947935,0
1984-07-01,81000,1984,3,4.651162790697683,0
1984-10-01,79900,1984,4,5.270092226613965,0
1985-01-01,82800,1985,1,5.882352941176472,0
1985-04-01,84300,1985,2,4.4609665427509215,0
1985-07-01,83200,1985,3,2.716049382716057,0
1985-10-01,86800,1985,4,8.635794743429281,0
1986-01-01,88000,1986,1,6.2801932367149815,0
1986-04-01,92100,1986,2,9.2526690391459,0
1986-07-01,93000,1986,3,11.778846153846146,0
1986-10-01,95000,1986,4,9.447004608294929,0
1987-01-01,97900,1987,1,11.250000000000004,0
1987-04-01,103400,1987,2,12.269272529858855,0
1987-07-01,106000,1987,3,13.978494623655923,0
1987-10-01,111500,1987,4,17.36842105263159,0
1988-01-01,110000,1988,1,12.35955056179776,0
1988-04-01,110000,1988,2,6.382978723404253,0
1988-07-01,115000,1988,3,8.490566037735858,0
1988-10-01,113900,1988,4,2.152466367713002,0
1989-01-01,118000,1989,1,7.272727272727275,0
1989-04-01,118900,1989,2,8.090909090909083,0
1989-07-01,120000,1989,3,4.347826086956519,0
1989-10-01,124800,1989,4,9.569798068481127,0
1990-01-01,123900,1990,1,5.000000000000004,0
1990-04-01,126800,1990,2,6.644238856181661,0
1990-07-01,117000,1990,3,-2.500000000000002,0
1990-10-01,121500,1990,4,-2.644230769230771,0
1991-01-01,120000,1991,1,-3.147699757869249,0
1991-04-01,119900,1991,2,-5.441640378548895,0
1991-07-01,120000,1991,3,2.564102564102555,0
1991-10-01,120000,1991,4,-1.2345679012345734,0
1992-01-01,119500,1992,1,-0.4166666666666652,0
1992-04-01,120000,1992,2,0.08340283569641116,0
1992-07-01,120000,1992,3,0.0,0
1992-10-01,126000,1992,4,5.000000000000004,0
1993-01-01,125000,1993,1,4.602510460251041,0
1993-04-01,127000,1993,2,5.833333333333335,0
1993-07-01,127000,1993,3,5.833333333333335,0
1993-10-01,127000,1993,4,0.7936507936507908,0
1994-01-01,130000,1994,1,4.0000000000000036,0
1994-04-01,130000,1994,2,2.3622047244094446,0
1994-07-01,129700,1994,3,2.1259842519685046,0
1994-10-01,132000,1994,4,3.937007874015741,0
1995-01-01,130000,1995,1,0.0,0
1995-04-01,133900,1995,2,3.0000000000000027,0
1995-07-01,132000,1995,3,1.7733230531996824,0
1995-10-01,138000,1995,4,4.545454545454541,0
1996-01-01,137000,1996,1,5.384615384615388,0
1996-04-01,139900,1996,2,4.480955937266606,0
1996-07-01,140000,1996,3,6.060606060606055,0
1996-10-01,144100,1996,4,4.420289855072457,0
1997-01-01,145000,1997,1,5.8394160583941535,0
1997-04-01,145800,1997,2,4.217298070050046,0
1997-07-01,145000,1997,3,3.571428571428581,0
1997-10-01,144200,1997,4,0.0693962526023606,0
1998-01-01,152200,1998,1,4.9655172413793025,0
1998-04-01,149500,1998,2,2.5377229080932873,0
1998-07-01,153000,1998,3,5.517241379310356,0
1998-10-01,153000,1998,4,6.102635228848818,0
1999-01-01,157400,1999,1,3.41655716162943,0
1999-04-01,158700,1999,2,6.153846153846154,0
1999-07-01,159100,1999,3,3.9869281045751714,0
1999-10-01,165300,1999,4,8.039215686274503,0
2000-01-01,165300,2000,1,5.019059720457442,0
2000-04-01,163200,2000,2,2.835538752362954,0
2000-07-01,168800,2000,3,6.09679446888749,0
2000-10-01,172900,2000,4,4.597701149425282,0
2001-01-01,169800,2001,1,2.722323049001818,0
2001-04-01,179000,2001,2,9.681372549019617,0
2001-07-01,172500,2001,3,2.1919431279620927,0
2001-10-01,171100,2001,4,-1.0410641989589409,0
2002-01-01,188700,2002,1,11.130742049469955,0
2002-04-01,187200,2002,2,4.5810055865921795,0
2002-07-01,178100,2002,3,3.2463768115942093,0
2002-10-01,190100,2002,4,11.104617182933962,0
2003-01-01,186000,2003,1,-1.4308426073131986,0
2003-04-01,191800,2003,2,2.4572649572649485,0
2003-07-01,191900,2003,3,7.748455923638398,0
2003-10-01,198800,2003,4,4.576538663861118,0
2004-01-01,212700,2004,1,14.35483870967742,0
2004-04-01,217600,2004,2,13.451511991657972,0
2004-07-01,213500,2004,3,11.255862428348106,0
2004-10-01,228800,2004,4,15.090543259557343,0
2005-01-01,232500,2005,1,9.30888575458393,0
2005-04-01,233700,2005,2,7.398897058823528,0
2005-07-01,236400,2005,3,10.725995316159253,0
2005-10-01,243600,2005,4,6.468531468531458,0
2006-01-01,247700,2006,1,6.537634408602155,0
2006-04-01,246300,2006,2,5.391527599486512,0
2006-07-01,235600,2006,3,-0.33840947546531774,0
2006-10-01,245400,2006,4,0.738916256157629,0
2007-01-01,257400,2007,1,3.9160274525635863,0
2007-04-01,242200,2007,2,-1.6646366220056885,0
2007-07-01,241800,2007,3,2.6315789473684292,0
2007-10-01,238400,2007,4,-2.8524857375713086,0
2008-01-01,233900,2008,1,-9.12975912975913,0
2008-04-01,235300,2008,2,-2.8488852188274127,0
2008-07-01,226500,2008,3,-6.327543424317616,0
2008-10-01,222500,2008,4,-6.669463087248317,0
2009-01-01,208400,2009,1,-10.90209491235571,0
2009-04-01,220900,2009,2,-6.1198470038249075,0
2009-07-01,214300,2009,3,-5.386313465783665,0
2009-10-01,219000,2009,4,-1.573033707865168,0
2010-01-01,222900,2010,1,6.957773512476018,0
2010-04-01,219500,2010,2,-0.6337709370755951,0
2010-07-01,224100,2010,3,4.573028464769013,0
2010-10-01,224300,2010,4,2.4200913242009126,0
2011-01-01,226900,2011,1,1.794526693584575,0
2011-04-01,228100,2011,2,3.9179954441913356,0
2011-07-01,223500,2011,3,-0.2677376171352108,0
2011-10-01,221100,2011,4,-1.4266607222469863,0
2012-01-01,238400,2012,1,5.068312031732036,0
2012-04-01,238700,2012,2,4.647084612012264,0
2012-07-01,248800,2012,3,11.319910514541398,0
2012-10-01,251700,2012,4,13.839891451831754,0
2013-01-01,258400,2013,1,8.389261744966436,0
2013-04-01,268100,2013,2,12.316715542521983,0
2013-07-01,264800,2013,3,6.430868167202575,0
2013-10-01,273600,2013,4,8.700834326579265,0
2014-01-01,275200,2014,1,6.5015479876161075,0
2014-04-01,288000,2014,2,7.422603506154424,0
2014-07-01,281000,2014,3,6.1178247734138935,0
2014-10-01,298900,2014,4,9.24707602339181,0
2015-01-01,289200,2015,1,5.087209302325579,0
2015-04-01,289100,2015,2,0.38194444444443754,0
2015-07-01,295800,2015,3,5.266903914590748,0
2015-10-01,302500,2015,4,1.2044161927065922,0
2016-01-01,299800,2016,1,3.665283540802222,0
2016-04-01,306000,2016,2,5.845728121757188,0
2016-07-01,303800,2016,3,2.704530087897239,0
2016-10-01,310900,2016,4,2.776859504132223,0
2017-01-01,313100,2017,1,4.436290860573711,0
2017-04-01,318200,2017,2,3.9869281045751714,0
2017-07-01,320500,2017,3,5.497037524687287,0
2017-10-01,337900,2017,4,8.684464458025086,0
2018-01-01,331800,2018,1,5.972532737144687,0
2018-04-01,315600,2018,2,-0.8170961659333731,0
2018-07-01,330900,2018,3,3.2449297971918867,0
2018-10-01,322800,2018,4,-4.468777744894936,0
2019-01-01,313000,2019,1,-5.666063893911999,0
2019-04-01,322500,2019,2,2.186311787072248,0
2019-07-01,318400,2019,3,-3.777576307041397,0
2019-10-01,327100,2019,4,1.332094175960341,0
2020-01-01,329000,2020,1,5.111821086261981,0
2020-04-01,317100,2020,2,-1.6744186046511622,0
2020-07-01,327900,2020,3,2.983668341708534,0
2020-10-01,338600,2020,4,3.5157444206664668,0
2021-01-01,355000,2021,1,7.902735562310026,0
2021-04-01,367800,2021,2,15.988647114474919,0
2021-07-01,395200,2021,3,20.52455016773407,0
2021-10-01,414000,2021,4,22.26816302421737,0
2022-01-01,413500,2022,1,16.47887323943662,0
2022-04-01,437700,2022,2,19.004893964110934,0
2022-07-01,438000,2022,3,10.829959514170051,0
2022-10-01,442600,2022,4,6.908212560386473,0
2023-01-01,429000,2023,1,3.7484885126964906,0
2023-04-01,418500,2023,2,-4.386566141192594,0
2023-07-01,435400,2023,3,-0.5936073059360725,0
2023-10-01,423200,2023,4,-4.383190239493895,0
2024-01-01,426800,2024,1,-0.512820512820511,0
2024-04-01,414500,2024,2,-0.9557945041816063,0
2024-07-01,415300,2024,3,-4.6164446485989945,0
2024-10-01,419300,2024,4,-0.9215500945179533,0
2025-01-01,423100,2025,1,-0.866916588566069,0
2025-04-01,416100,2025,2,0.38600723763571043,0
2025-07-01,410100,2025,3,-1.2521069106669835,0
2025-10-01,412300,2025,4,-1.6694490818030094,0
2026-01-01,408500,2026,1,-3.4507208697707403,0
2026-04-01,410700,2026,2,-1.2977649603460706,0
