Date,Year,Quarter,Time_Index,Price_Lag_1,Price_Lag_4,Rolling_Mean_4,Median_Price
1964-01-01,1964,1,4,18500.0,17800.0,18050.0,18500
1964-04-01,1964,2,5,18500.0,18000.0,18225.0,18900
1964-07-01,1964,3,6,18900.0,17900.0,18450.0,18900
1964-10-01,1964,4,7,18900.0,18500.0,18700.0,19400
1965-01-01,1965,1,8,19400.0,18500.0,18925.0,20200
1965-04-01,1965,2,9,20200.0,18900.0,19350.0,19800
1965-07-01,1965,3,10,19800.0,18900.0,19575.0,20200
1965-10-01,1965,4,11,20200.0,19400.0,19900.0,20300
1966-01-01,1966,1,12,20300.0,20200.0,20125.0,21000
1966-04-01,1966,2,13,21000.0,19800.0,20325.0,22100
1966-07-01,1966,3,14,22100.0,20200.0,20900.0,21500
1966-10-01,1966,4,15,21500.0,20300.0,21225.0,21400
1967-01-01,1967,1,16,21400.0,21000.0,21500.0,22300
1967-04-01,1967,2,17,22300.0,22100.0,21825.0,23300
1967-07-01,1967,3,18,23300.0,21500.0,22125.0,22500
1967-10-01,1967,4,19,22500.0,21400.0,22375.0,22900
1968-01-01,1968,1,20,22900.0,22300.0,22750.0,23900
1968-04-01,1968,2,21,23900.0,23300.0,23150.0,24900
1968-07-01,1968,3,22,24900.0,22500.0,23550.0,24800
1968-10-01,1968,4,23,24800.0,22900.0,24125.0,25600
1969-01-01,1969,1,24,25600.0,23900.0,24800.0,25700
1969-04-01,1969,2,25,25700.0,24900.0,25250.0,25900
1969-07-01,1969,3,26,25900.0,24800.0,25500.0,25900
1969-10-01,1969,4,27,25900.0,25600.0,25775.0,24900
1970-01-01,1970,1,28,24900.0,25700.0,25600.0,23900
1970-04-01,1970,2,29,23900.0,25900.0,25150.0,24400
1970-07-01,1970,3,30,24400.0,25900.0,24775.0,23000
1970-10-01,1970,4,31,23000.0,24900.0,24050.0,22600
1971-01-01,1971,1,32,22600.0,23900.0,23475.0,24300
1971-04-01,1971,2,33,24300.0,24400.0,23575.0,25800
1971-07-01,1971,3,34,25800.0,23000.0,23925.0,25300
1971-10-01,1971,4,35,25300.0,22600.0,24500.0,25500
1972-01-01,1972,1,36,25500.0,24300.0,25225.0,26200
1972-04-01,1972,2,37,26200.0,25800.0,25700.0,26800
1972-07-01,1972,3,38,26800.0,25300.0,25950.0,27900
1972-10-01,1972,4,39,27900.0,25500.0,26600.0,29200
1973-01-01,1973,1,40,29200.0,26200.0,27525.0,30200
1973-04-01,1973,2,41,30200.0,26800.0,28525.0,32700
1973-07-01,1973,3,42,32700.0,27900.0,30000.0,33500
1973-10-01,1973,4,43,33500.0,29200.0,31400.0,34000
1974-01-01,1974,1,44,34000.0,30200.0,32600.0,35200
1974-04-01,1974,2,45,35200.0,32700.0,33850.0,35600
1974-07-01,1974,3,46,35600.0,33500.0,34575.0,36200
1974-10-01,1974,4,47,36200.0,34000.0,35250.0,37200
1975-01-01,1975,1,48,37200.0,35200.0,36050.0,38100
1975-04-01,1975,2,49,38100.0,35600.0,36775.0,39000
1975-07-01,1975,3,50,39000.0,36200.0,37625.0,38800
1975-10-01,1975,4,51,38800.0,37200.0,38275.0,41200
1976-01-01,1976,1,52,41200.0,38100.0,39275.0,42800
1976-04-01,1976,2,53,42800.0,39000.0,40450.0,44200
1976-07-01,1976,3,54,44200.0,38800.0,41750.0,44400
1976-10-01,1976,4,55,44400.0,41200.0,43150.0,45500
1977-01-01,1977,1,56,45500.0,42800.0,44225.0,46300
1977-04-01,1977,2,57,46300.0,44200.0,45100.0,48900
1977-07-01,1977,3,58,48900.0,44400.0,46275.0,48800
1977-10-01,1977,4,59,48800.0,45500.0,47375.0,51600
1978-01-01,1978,1,60,51600.0,46300.0,48900.0,53000
1978-04-01,1978,2,61,53000.0,48900.0,50575.0,55300
1978-07-01,1978,3,62,55300.0,48800.0,52175.0,56100
1978-10-01,1978,4,63,56100.0,51600.0,54000.0,59000
1979-01-01,1979,1,64,59000.0,53000.0,55850.0,60600
1979-04-01,1979,2,65,60600.0,55300.0,57750.0,63100
1979-07-01,1979,3,66,63100.0,56100.0,59700.0,64700
1979-10-01,1979,4,67,64700.0,59000.0,61850.0,62600
1980-01-01,1980,1,68,62600.0,60600.0,62750.0,63700
1980-04-01,1980,2,69,63700.0,63100.0,63525.0,64000
1980-07-01,1980,3,70,64000.0,64700.0,63750.0,64900
1980-10-01,1980,4,71,64900.0,62600.0,63800.0,66400
1981-01-01,1981,1,72,66400.0,63700.0,64750.0,66800
1981-04-01,1981,2,73,66800.0,64000.0,65525.0,69400
1981-07-01,1981,3,74,69400.0,64900.0,66875.0,69200
1981-10-01,1981,4,75,69200.0,66400.0,67950.0,70400
1982-01-01,1982,1,76,70400.0,66800.0,68950.0,66400
1982-04-01,1982,2,77,66400.0,69400.0,68850.0,69600
1982-07-01,1982,3,78,69600.0,69200.0,68900.0,69300
1982-10-01,1982,4,79,69300.0,70400.0,68925.0,71600
1983-01-01,1983,1,80,71600.0,66400.0,69225.0,73300
1983-04-01,1983,2,81,73300.0,69600.0,70950.0,74900
1983-07-01,1983,3,82,74900.0,69300.0,72275.0,77400
1983-10-01,1983,4,83,77400.0,71600.0,74300.0,75900
1984-01-01,1984,1,84,75900.0,73300.0,75375.0,78200
1984-04-01,1984,2,85,78200.0,74900.0,76600.0,80700
1984-07-01,1984,3,86,80700.0,77400.0,78050.0,81000
1984-10-01,1984,4,87,81000.0,75900.0,78950.0,79900
1985-01-01,1985,1,88,79900.0,78200.0,79950.0,82800
1985-04-01,1985,2,89,82800.0,80700.0,81100.0,84300
1985-07-01,1985,3,90,84300.0,81000.0,82000.0,83200
1985-10-01,1985,4,91,83200.0,79900.0,82550.0,86800
1986-01-01,1986,1,92,86800.0,82800.0,84275.0,88000
1986-04-01,1986,2,93,88000.0,84300.0,85575.0,92100
1986-07-01,1986,3,94,92100.0,83200.0,87525.0,93000
1986-10-01,1986,4,95,93000.0,86800.0,89975.0,95000
1987-01-01,1987,1,96,95000.0,88000.0,92025.0,97900
1987-04-01,1987,2,97,97900.0,92100.0,94500.0,103400
1987-07-01,1987,3,98,103400.0,93000.0,97325.0,106000
1987-10-01,1987,4,99,106000.0,95000.0,100575.0,111500
1988-01-01,1988,1,100,111500.0,97900.0,104700.0,110000
1988-04-01,1988,2,101,110000.0,103400.0,107725.0,110000
1988-07-01,1988,3,102,110000.0,106000.0,109375.0,115000
1988-10-01,1988,4,103,115000.0,111500.0,111625.0,113900
1989-01-01,1989,1,104,113900.0,110000.0,112225.0,118000
1989-04-01,1989,2,105,118000.0,110000.0,114225.0,118900
1989-07-01,1989,3,106,118900.0,115000.0,116450.0,120000
1989-10-01,1989,4,107,120000.0,113900.0,117700.0,124800
1990-01-01,1990,1,108,124800.0,118000.0,120425.0,123900
1990-04-01,1990,2,109,123900.0,118900.0,121900.0,126800
1990-07-01,1990,3,110,126800.0,120000.0,123875.0,117000
1990-10-01,1990,4,111,117000.0,124800.0,123125.0,121500
1991-01-01,1991,1,112,121500.0,123900.0,122300.0,120000
1991-04-01,1991,2,113,120000.0,126800.0,121325.0,119900
1991-07-01,1991,3,114,119900.0,117000.0,119600.0,120000
1991-10-01,1991,4,115,120000.0,121500.0,120350.0,120000
1992-01-01,1992,1,116,120000.0,120000.0,119975.0,119500
1992-04-01,1992,2,117,119500.0,119900.0,119850.0,120000
1992-07-01,1992,3,118,120000.0,120000.0,119875.0,120000
1992-10-01,1992,4,119,120000.0,120000.0,119875.0,126000
1993-01-01,1993,1,120,126000.0,119500.0,121375.0,125000
1993-04-01,1993,2,121,125000.0,120000.0,122750.0,127000
1993-07-01,1993,3,122,127000.0,120000.0,124500.0,127000
1993-10-01,1993,4,123,127000.0,126000.0,126250.0,127000
1994-01-01,1994,1,124,127000.0,125000.0,126500.0,130000
1994-04-01,1994,2,125,130000.0,127000.0,127750.0,130000
1994-07-01,1994,3,126,130000.0,127000.0,128500.0,129700
1994-10-01,1994,4,127,129700.0,127000.0,129175.0,132000
1995-01-01,1995,1,128,132000.0,130000.0,130425.0,130000
1995-04-01,1995,2,129,130000.0,130000.0,130425.0,133900
1995-07-01,1995,3,130,133900.0,129700.0,131400.0,132000
1995-10-01,1995,4,131,132000.0,132000.0,131975.0,138000
1996-01-01,1996,1,132,138000.0,130000.0,133475.0,137000
1996-04-01,1996,2,133,137000.0,133900.0,135225.0,139900
1996-07-01,1996,3,134,139900.0,132000.0,136725.0,140000
1996-10-01,1996,4,135,140000.0,138000.0,138725.0,144100
1997-01-01,1997,1,136,144100.0,137000.0,140250.0,145000
1997-04-01,1997,2,137,145000.0,139900.0,142250.0,145800
1997-07-01,1997,3,138,145800.0,140000.0,143725.0,145000
1997-10-01,1997,4,139,145000.0,144100.0,144975.0,144200
1998-01-01,1998,1,140,144200.0,145000.0,145000.0,152200
1998-04-01,1998,2,141,152200.0,145800.0,146800.0,149500
1998-07-01,1998,3,142,149500.0,145000.0,147725.0,153000
1998-10-01,1998,4,143,153000.0,144200.0,149725.0,153000
1999-01-01,1999,1,144,153000.0,152200.0,151925.0,157400
1999-04-01,1999,2,145,157400.0,149500.0,153225.0,158700
1999-07-01,1999,3,146,158700.0,153000.0,155525.0,159100
1999-10-01,1999,4,147,159100.0,153000.0,157050.0,165300
2000-01-01,2000,1,148,165300.0,157400.0,160125.0,165300
2000-04-01,2000,2,149,165300.0,158700.0,162100.0,163200
2000-07-01,2000,3,150,163200.0,159100.0,163225.0,168800
2000-10-01,2000,4,151,168800.0,165300.0,165650.0,172900
2001-01-01,2001,1,152,172900.0,165300.0,167550.0,169800
2001-04-01,2001,2,153,169800.0,163200.0,168675.0,179000
2001-07-01,2001,3,154,179000.0,168800.0,172625.0,172500
2001-10-01,2001,4,155,172500.0,172900.0,173550.0,171100
2002-01-01,2002,1,156,171100.0,169800.0,173100.0,188700
2002-04-01,2002,2,157,188700.0,179000.0,177825.0,187200
2002-07-01,2002,3,158,187200.0,172500.0,179875.0,178100
2002-10-01,2002,4,159,178100.0,171100.0,181275.0,190100
2003-01-01,2003,1,160,190100.0,188700.0,186025.0,186000
2003-04-01,2003,2,161,186000.0,187200.0,185350.0,191800
2003-07-01,2003,3,162,191800.0,178100.0,186500.0,191900
2003-10-01,2003,4,163,191900.0,190100.0,189950.0,198800
2004-01-01,2004,1,164,198800.0,186000.0,192125.0,212700
2004-04-01,2004,2,165,212700.0,191800.0,198800.0,217600
2004-07-01,2004,3,166,217600.0,191900.0,205250.0,213500
2004-10-01,2004,4,167,213500.0,198800.0,210650.0,228800
2005-01-01,2005,1,168,228800.0,212700.0,218150.0,232500
2005-04-01,2005,2,169,232500.0,217600.0,223100.0,233700
2005-07-01,2005,3,170,233700.0,213500.0,227125.0,236400
2005-10-01,2005,4,171,236400.0,228800.0,232850.0,243600
2006-01-01,2006,1,172,243600.0,232500.0,236550.0,247700
2006-04-01,2006,2,173,247700.0,233700.0,240350.0,246300
2006-07-01,2006,3,174,246300.0,236400.0,243500.0,235600
2006-10-01,2006,4,175,235600.0,243600.0,243300.0,245400
2007-01-01,2007,1,176,245400.0,247700.0,243750.0,257400
2007-04-01,2007,2,177,257400.0,246300.0,246175.0,242200
2007-07-01,2007,3,178,242200.0,235600.0,245150.0,241800
2007-10-01,2007,4,179,241800.0,245400.0,246700.0,238400
2008-01-01,2008,1,180,238400.0,257400.0,244950.0,233900
2008-04-01,2008,2,181,233900.0,242200.0,239075.0,235300
2008-07-01,2008,3,182,235300.0,241800.0,237350.0,226500
2008-10-01,2008,4,183,226500.0,238400.0,233525.0,222500
2009-01-01,2009,1,184,222500.0,233900.0,229550.0,208400
2009-04-01,2009,2,185,208400.0,235300.0,223175.0,220900
2009-07-01,2009,3,186,220900.0,226500.0,219575.0,214300
2009-10-01,2009,4,187,214300.0,222500.0,216525.0,219000
2010-01-01,2010,1,188,219000.0,208400.0,215650.0,222900
2010-04-01,2010,2,189,222900.0,220900.0,219275.0,219500
2010-07-01,2010,3,190,219500.0,214300.0,218925.0,224100
2010-10-01,2010,4,191,224100.0,219000.0,221375.0,224300
2011-01-01,2011,1,192,224300.0,222900.0,222700.0,226900
2011-04-01,2011,2,193,226900.0,219500.0,223700.0,228100
2011-07-01,2011,3,194,228100.0,224100.0,225850.0,223500
2011-10-01,2011,4,195,223500.0,224300.0,225700.0,221100
2012-01-01,2012,1,196,221100.0,226900.0,224900.0,238400
2012-04-01,2012,2,197,238400.0,228100.0,227775.0,238700
2012-07-01,2012,3,198,238700.0,223500.0,230425.0,248800
2012-10-01,2012,4,199,248800.0,221100.0,236750.0,251700
2013-01-01,2013,1,200,251700.0,238400.0,244400.0,258400
2013-04-01,2013,2,201,258400.0,238700.0,249400.0,268100
2013-07-01,2013,3,202,268100.0,248800.0,256750.0,264800
2013-10-01,2013,4,203,264800.0,251700.0,260750.0,273600
2014-01-01,2014,1,204,273600.0,258400.0,266225.0,275200
2014-04-01,2014,2,205,275200.0,268100.0,270425.0,288000
2014-07-01,2014,3,206,288000.0,264800.0,275400.0,281000
2014-10-01,2014,4,207,281000.0,273600.0,279450.0,298900
2015-01-01,2015,1,208,298900.0,275200.0,285775.0,289200
2015-04-01,2015,2,209,289200.0,288000.0,289275.0,289100
2015-07-01,2015,3,210,289100.0,281000.0,289550.0,295800
2015-10-01,2015,4,211,295800.0,298900.0,293250.0,302500
2016-01-01,2016,1,212,302500.0,289200.0,294150.0,299800
2016-04-01,2016,2,213,299800.0,289100.0,296800.0,306000
2016-07-01,2016,3,214,306000.0,295800.0,301025.0,303800
2016-10-01,2016,4,215,303800.0,302500.0,303025.0,310900
2017-01-01,2017,1,216,310900.0,299800.0,305125.0,313100
2017-04-01,2017,2,217,313100.0,306000.0,308450.0,318200
2017-07-01,2017,3,218,318200.0,303800.0,311500.0,320500
2017-10-01,2017,4,219,320500.0,310900.0,315675.0,337900
2018-01-01,2018,1,220,337900.0,313100.0,322425.0,331800
2018-04-01,2018,2,221,331800.0,318200.0,327100.0,315600
2018-07-01,2018,3,222,315600.0,320500.0,326450.0,330900
2018-10-01,2018,4,223,330900.0,337900.0,329050.0,322800
2019-01-01,2019,1,224,322800.0,331800.0,325275.0,313000
2019-04-01,2019,2,225,313000.0,315600.0,320575.0,322500
2019-07-01,2019,3,226,322500.0,330900.0,322300.0,318400
2019-10-01,2019,4,227,318400.0,322800.0,319175.0,327100
2020-01-01,2020,1,228,327100.0,313000.0,320250.0,329000
2020-04-01,2020,2,229,329000.0,322500.0,324250.0,317100
2020-07-01,2020,3,230,317100.0,318400.0,322900.0,327900
2020-10-01,2020,4,231,327900.0,327100.0,325275.0,338600
2021-01-01,2021,1,232,338600.0,329000.0,328150.0,355000
2021-04-01,2021,2,233,355000.0,317100.0,334650.0,367800
2021-07-01,2021,3,234,367800.0,327900.0,347325.0,395200
2021-10-01,2021,4,235,395200.0,338600.0,364150.0,414000
2022-01-01,2022,1,236,414000.0,355000.0,383000.0,413500
2022-04-01,2022,2,237,413500.0,367800.0,397625.0,437700
2022-07-01,2022,3,238,437700.0,395200.0,415100.0,438000
2022-10-01,2022,4,239,438000.0,414000.0,425800.0,442600
2023-01-01,2023,1,240,442600.0,413500.0,432950.0,429000
2023-04-01,2023,2,241,429000.0,437700.0,436825.0,418500
2023-07-01,2023,3,242,418500.0,438000.0,432025.0,435400
2023-10-01,2023,4,243,435400.0,442600.0,431375.0,423200
2024-01-01,2024,1,244,423200.0,429000.0,426525.0,426800
2024-04-01,2024,2,245,426800.0,418500.0,425975.0,414500
2024-07-01,2024,3,246,414500.0,435400.0,424975.0,415300
2024-10-01,2024,4,247,415300.0,423200.0,419950.0,419300
2025-01-01,2025,1,248,419300.0,426800.0,418975.0,423100
2025-04-01,2025,2,249,423100.0,414500.0,418050.0,416100
2025-07-01,2025,3,250,416100.0,415300.0,418450.0,410100
2025-10-01,2025,4,251,410100.0,419300.0,417150.0,412300
2026-01-01,2026,1,252,412300.0,423100.0,415400.0,408500
2026-04-01,2026,2,253,408500.0,416100.0,411750.0,410700
