Fold,Date,Model,Actual_Price,Predicted_Price,Actual_Growth,Predicted_Growth,Residual,Absolute_Error,Percentage_Error,Absolute_Percentage_Error,Prediction_Direction,Quarter
1,2001-07-01,Random Forest Growth,172500,178524.75589061558,-3.631284916201116,-0.265499502449406,-6024.7558906155755,6024.7558906155755,-3.492612110501783,3.492612110501783,Overprediction,3
1,2001-10-01,Random Forest Growth,171100,178601.3890490556,-0.8115942028985468,3.537037129887311,-7501.389049055608,7501.389049055608,-4.384213354211343,4.384213354211343,Overprediction,4
1,2002-01-01,Random Forest Growth,188700,176210.44941512472,10.286382232612512,2.986820230932033,12489.55058487528,12489.55058487528,6.618733749271478,6.618733749271478,Underprediction,1
1,2002-04-01,Random Forest Growth,187200,188869.59537657167,-0.7949125596184436,0.0898756632600299,-1669.5953765716695,1669.5953765716695,-0.8918778721002508,0.8918778721002508,Overprediction,2
1,2002-07-01,Random Forest Growth,178100,191198.91919891155,-4.861111111111116,2.136174785743357,-13098.91919891155,13098.91919891155,-7.354811453628046,7.354811453628046,Overprediction,3
1,2002-10-01,Random Forest Growth,190100,183786.5520531209,6.737787759685565,3.1928984015277257,6313.4479468791105,6313.4479468791105,3.3211193828927463,3.3211193828927463,Underprediction,4
1,2003-01-01,Random Forest Growth,186000,190052.1591562016,-2.156759600210412,-0.0251661461327593,-4052.159156201611,4052.159156201611,-2.1785801915062426,2.1785801915062426,Overprediction,1
1,2003-04-01,Random Forest Growth,191800,192566.3514204297,3.1182795698924792,3.5302964625966355,-766.3514204297098,766.3514204297098,-0.39955757060985914,0.39955757060985914,Overprediction,2
1,2003-07-01,Random Forest Growth,191900,191326.6473304087,0.0521376433785247,-0.2467949267942088,573.3526695912878,573.3526695912878,0.29877679499285453,0.29877679499285453,Underprediction,3
1,2003-10-01,Random Forest Growth,198800,195589.37861271176,3.595622720166758,1.9225526903135932,3210.6213872882363,3210.6213872882363,1.615000697831105,1.615000697831105,Underprediction,4
1,2004-01-01,Random Forest Growth,212700,197540.70486810856,6.991951710261568,-0.6334482554785855,15159.295131891442,15159.295131891442,7.127078106201901,7.127078106201901,Underprediction,1
1,2004-04-01,Random Forest Growth,217600,213239.0584173826,2.3037141513869264,0.2534360213364189,4360.941582617408,4360.941582617408,2.004109183188147,2.004109183188147,Underprediction,2
1,2004-07-01,Random Forest Growth,213500,217732.3458211309,-1.8841911764705843,0.0608206898579558,-4232.345821130904,4232.345821130904,-1.9823633822627185,1.9823633822627185,Overprediction,3
1,2004-10-01,Random Forest Growth,228800,219154.22897379287,7.166276346604206,2.64835080739716,9645.771026207134,9645.771026207134,4.215809014950671,4.215809014950671,Underprediction,4
1,2005-01-01,Random Forest Growth,232500,228945.0846455013,1.6171328671328755,0.0634111212855355,3554.915354498691,3554.915354498691,1.5289958513972866,1.5289958513972866,Underprediction,1
1,2005-04-01,Random Forest Growth,233700,233591.0297348436,0.5161290322580614,0.4692601010080146,108.97026515638572,108.97026515638572,0.046628269215398255,0.046628269215398255,Underprediction,2
1,2005-07-01,Random Forest Growth,236400,235726.3888342556,1.1553273427471034,0.8670897878714385,673.611165744398,673.611165744398,0.28494550158392473,0.28494550158392473,Underprediction,3
1,2005-10-01,Random Forest Growth,243600,240174.48521069283,3.0456852791878264,1.5966519503776742,3425.51478930717,3425.51478930717,1.4062047575152588,1.4062047575152588,Underprediction,4
1,2006-01-01,Random Forest Growth,247700,243558.84019787228,1.6830870279146204,-0.0168964704957752,4141.159802127717,4141.159802127717,1.6718448938747343,1.6718448938747343,Underprediction,1
1,2006-04-01,Random Forest Growth,246300,247844.46927851017,-0.5651998385143298,0.05832429491731,-1544.4692785101652,1544.4692785101652,-0.6270683225782238,0.6270683225782238,Overprediction,2
1,2001-07-01,HistGradientBoosting Growth,172500,177068.75466693647,-3.631284916201116,-1.0789080072980644,-4568.754666936467,4568.754666936467,-2.6485534301080973,2.6485534301080973,Overprediction,3
1,2001-10-01,HistGradientBoosting Growth,171100,179243.4439339521,-0.8115942028985468,3.90924286026208,-8143.443933952105,8143.443933952105,-4.7594646019591496,4.7594646019591496,Overprediction,4
1,2002-01-01,HistGradientBoosting Growth,188700,177565.15575731377,10.286382232612512,3.778583142790041,11134.844242686231,11134.844242686231,5.900818358604256,5.900818358604256,Underprediction,1
1,2002-04-01,HistGradientBoosting Growth,187200,189052.4226865332,-0.7949125596184436,0.1867634798797799,-1852.4226865331875,1852.4226865331875,-0.9895420334044805,0.9895420334044805,Overprediction,2
1,2002-07-01,HistGradientBoosting Growth,178100,190056.01786316768,-4.861111111111116,1.5256505679314478,-11956.017863167683,11956.017863167683,-6.71309256775277,6.71309256775277,Overprediction,3
1,2002-10-01,HistGradientBoosting Growth,190100,183688.50064247227,6.737787759685565,3.1378442686537165,6411.499357527733,6411.499357527733,3.3726982417294757,3.3726982417294757,Underprediction,4
1,2003-01-01,HistGradientBoosting Growth,186000,190070.2916051987,-2.156759600210412,-0.0156277721206233,-4070.2916051986977,4070.2916051986977,-2.1883288199993,2.1883288199993,Overprediction,1
1,2003-04-01,HistGradientBoosting Growth,191800,193404.78967896855,3.1182795698924792,3.981069719875563,-1604.7896789685474,1604.7896789685474,-0.8366995197959057,0.8366995197959057,Overprediction,2
1,2003-07-01,HistGradientBoosting Growth,191900,192500.55380371303,0.0521376433785247,0.3652522438545452,-600.5538037130318,600.5538037130318,-0.3129514349729191,0.3129514349729191,Overprediction,3
1,2003-10-01,HistGradientBoosting Growth,198800,196654.65570743056,3.595622720166758,2.4776736359721507,2145.34429256944,2145.34429256944,1.0791470284554527,1.0791470284554527,Underprediction,4
1,2004-01-01,HistGradientBoosting Growth,212700,197672.52991062723,6.991951710261568,-0.5671378719178883,15027.470089372771,15027.470089372771,7.065101123353442,7.065101123353442,Underprediction,1
1,2004-04-01,HistGradientBoosting Growth,217600,212825.6533923809,2.3037141513869264,0.059075407795448,4774.346607619111,4774.346607619111,2.1940931101190766,2.1940931101190766,Underprediction,2
1,2004-07-01,HistGradientBoosting Growth,213500,216751.0238628464,-1.8841911764705843,-0.3901544747948519,-3251.0238628463994,3251.0238628463994,-1.5227278046118966,1.5227278046118966,Overprediction,3
1,2004-10-01,HistGradientBoosting Growth,228800,219959.89256946035,7.166276346604206,3.0257108053678405,8840.107430539647,8840.107430539647,3.8636833175435523,3.8636833175435523,Underprediction,4
1,2005-01-01,HistGradientBoosting Growth,232500,228634.53927046276,1.6171328671328755,-0.0723167524201269,3865.4607295372407,3865.4607295372407,1.6625637546396737,1.6625637546396737,Underprediction,1
1,2005-04-01,HistGradientBoosting Growth,233700,234075.56748884884,0.5161290322580614,0.677663436064008,-375.5674888488429,375.5674888488429,-0.1607049588570145,0.1607049588570145,Overprediction,2
1,2005-07-01,HistGradientBoosting Growth,236400,237300.1575628969,1.1553273427471034,1.5405038780046518,-900.1575628969003,900.1575628969003,-0.3807773108700932,0.3807773108700932,Overprediction,3
1,2005-10-01,HistGradientBoosting Growth,243600,241883.4344542577,3.0456852791878264,2.3195577217672265,1716.5655457423127,1716.5655457423127,0.7046656591717211,0.7046656591717211,Underprediction,4
1,2006-01-01,HistGradientBoosting Growth,247700,243122.1223650388,1.6830870279146204,-0.1961730849594435,4577.877634961187,4577.877634961187,1.8481540714417388,1.8481540714417388,Underprediction,1
1,2006-04-01,HistGradientBoosting Growth,246300,248895.98146402385,-0.5651998385143298,0.4828346645231385,-2595.9814640238474,2595.9814640238474,-1.0539916622102508,1.0539916622102508,Overprediction,2
1,2001-07-01,Seasonal Naive (Lag 4),172500,168800.0,,,3700.0,3700.0,2.1449275362318843,2.1449275362318843,Underprediction,3
1,2001-10-01,Seasonal Naive (Lag 4),171100,172900.0,,,-1800.0,1800.0,-1.0520163646990064,1.0520163646990064,Overprediction,4
1,2002-01-01,Seasonal Naive (Lag 4),188700,169800.0,,,18900.0,18900.0,10.01589825119237,10.01589825119237,Underprediction,1
1,2002-04-01,Seasonal Naive (Lag 4),187200,179000.0,,,8200.0,8200.0,4.38034188034188,4.38034188034188,Underprediction,2
1,2002-07-01,Seasonal Naive (Lag 4),178100,172500.0,,,5600.0,5600.0,3.1443009545199323,3.1443009545199323,Underprediction,3
1,2002-10-01,Seasonal Naive (Lag 4),190100,171100.0,,,19000.0,19000.0,9.994739610731195,9.994739610731195,Underprediction,4
1,2003-01-01,Seasonal Naive (Lag 4),186000,188700.0,,,-2700.0,2700.0,-1.4516129032258065,1.4516129032258065,Overprediction,1
1,2003-04-01,Seasonal Naive (Lag 4),191800,187200.0,,,4600.0,4600.0,2.398331595411887,2.398331595411887,Underprediction,2
1,2003-07-01,Seasonal Naive (Lag 4),191900,178100.0,,,13800.0,13800.0,7.191245440333508,7.191245440333508,Underprediction,3
1,2003-10-01,Seasonal Naive (Lag 4),198800,190100.0,,,8700.0,8700.0,4.37625754527163,4.37625754527163,Underprediction,4
1,2004-01-01,Seasonal Naive (Lag 4),212700,186000.0,,,26700.0,26700.0,12.552891396332862,12.552891396332862,Underprediction,1
1,2004-04-01,Seasonal Naive (Lag 4),217600,191800.0,,,25800.0,25800.0,11.856617647058822,11.856617647058822,Underprediction,2
1,2004-07-01,Seasonal Naive (Lag 4),213500,191900.0,,,21600.0,21600.0,10.117096018735364,10.117096018735364,Underprediction,3
1,2004-10-01,Seasonal Naive (Lag 4),228800,198800.0,,,30000.0,30000.0,13.111888111888112,13.111888111888112,Underprediction,4
1,2005-01-01,Seasonal Naive (Lag 4),232500,212700.0,,,19800.0,19800.0,8.516129032258064,8.516129032258064,Underprediction,1
1,2005-04-01,Seasonal Naive (Lag 4),233700,217600.0,,,16100.0,16100.0,6.889174154899444,6.889174154899444,Underprediction,2
1,2005-07-01,Seasonal Naive (Lag 4),236400,213500.0,,,22900.0,22900.0,9.686971235194585,9.686971235194585,Underprediction,3
1,2005-10-01,Seasonal Naive (Lag 4),243600,228800.0,,,14800.0,14800.0,6.075533661740558,6.075533661740558,Underprediction,4
1,2006-01-01,Seasonal Naive (Lag 4),247700,232500.0,,,15200.0,15200.0,6.1364553895841745,6.1364553895841745,Underprediction,1
1,2006-04-01,Seasonal Naive (Lag 4),246300,233700.0,,,12600.0,12600.0,5.115712545676005,5.115712545676005,Underprediction,2
2,2006-07-01,Random Forest Growth,235600,251250.6914832318,-4.344295574502644,2.0100249627412885,-15650.691483231814,15650.691483231814,-6.642908099843724,6.642908099843724,Overprediction,3
2,2006-10-01,Random Forest Growth,245400,245090.04522709807,4.1595925297113645,4.028032778904105,309.954772901925,309.954772901925,0.1263059384278423,0.1263059384278423,Underprediction,4
2,2007-01-01,Random Forest Growth,257400,249385.2666258547,4.88997555012225,1.6239880300956375,8014.733374145289,8014.733374145289,3.1137270295824746,3.1137270295824746,Underprediction,1
2,2007-04-01,Random Forest Growth,242200,260048.1773342032,-5.905205905205902,1.0288179231558474,-17848.17733420321,17848.17733420321,-7.369189650785801,7.369189650785801,Overprediction,2
2,2007-07-01,Random Forest Growth,241800,251308.96070262865,-0.1651527663088403,3.760925145593987,-9508.960702628654,9508.960702628654,-3.9325726644452663,3.9325726644452663,Overprediction,3
2,2007-10-01,Random Forest Growth,238400,247461.79187480643,-1.4061207609594728,2.3415185586461758,-9061.791874806426,9061.791874806426,-3.8010871958080643,3.8010871958080643,Overprediction,4
2,2008-01-01,Random Forest Growth,233900,248606.7781861156,-1.8875838926174504,4.281366688806883,-14706.77818611561,14706.77818611561,-6.287634966274309,6.287634966274309,Overprediction,1
2,2008-04-01,Random Forest Growth,235300,242632.1494953672,0.5985463873450225,3.733283238720461,-7332.149495367194,7332.149495367194,-3.1160856333902225,3.1160856333902225,Overprediction,2
2,2008-07-01,Random Forest Growth,226500,236617.6876552145,-3.739906502337442,0.5600032533848232,-10117.687655214511,10117.687655214511,-4.466970267202875,4.466970267202875,Overprediction,3
2,2008-10-01,Random Forest Growth,222500,233472.0223444096,-1.7660044150110354,3.0781555604457167,-10972.022344409605,10972.022344409605,-4.931245997487463,4.931245997487463,Overprediction,4
2,2009-01-01,Random Forest Growth,208400,232283.03626572184,-6.33707865168539,4.396870231785108,-23883.036265721836,23883.036265721836,-11.460190146699539,11.460190146699539,Overprediction,1
2,2009-04-01,Random Forest Growth,220900,215490.68347473847,5.99808061420346,3.4024392873025207,5409.316525261529,5409.316525261529,2.4487625736810905,2.4487625736810905,Underprediction,2
2,2009-07-01,Random Forest Growth,214300,220893.90106221204,-2.987777274784975,-0.0027609496550366,-6593.90106221204,6593.90106221204,-3.076948699119011,3.076948699119011,Overprediction,3
2,2009-10-01,Random Forest Growth,219000,221304.5352334748,2.1931871208586085,3.2685652046079223,-2304.535233474802,2304.535233474802,-1.0522991933674897,1.0522991933674897,Overprediction,4
2,2010-01-01,Random Forest Growth,222900,221403.36530608888,1.7808219178082174,1.097427080405871,1496.6346939111245,1496.6346939111245,0.6714377271920702,0.6714377271920702,Underprediction,1
2,2010-04-01,Random Forest Growth,219500,224191.50812564563,-1.5253476895468854,0.5794114516131043,-4691.508125645632,4691.508125645632,-2.1373613328681698,2.1373613328681698,Overprediction,2
2,2010-07-01,Random Forest Growth,224100,228219.1835394698,2.095671981776759,3.972293184268713,-4119.183539469814,4119.183539469814,-1.8381006423336965,1.8381006423336965,Overprediction,3
2,2010-10-01,Random Forest Growth,224300,225213.88453771867,0.0892458723783962,0.4970479864875803,-913.8845377186663,913.8845377186663,-0.40743849207252175,0.40743849207252175,Overprediction,4
2,2011-01-01,Random Forest Growth,226900,228596.2411270885,1.1591618368256729,1.9153995216622857,-1696.2411270884913,1696.2411270884913,-0.7475721141862015,0.7475721141862015,Overprediction,1
2,2011-04-01,Random Forest Growth,228100,230255.132571214,0.5288673424415968,1.4786833720643282,-2155.132571213995,2155.132571213995,-0.9448191894844344,0.9448191894844344,Overprediction,2
2,2006-07-01,HistGradientBoosting Growth,235600,248124.5044730137,-4.344295574502644,0.7407651128760447,-12524.504473013687,12524.504473013687,-5.3160035963555545,5.3160035963555545,Overprediction,3
2,2006-10-01,HistGradientBoosting Growth,245400,246645.43865959463,4.1595925297113645,4.688216748554593,-1245.438659594627,1245.438659594627,-0.5075137162162294,0.5075137162162294,Overprediction,4
2,2007-01-01,HistGradientBoosting Growth,257400,251833.46990544797,4.88997555012225,2.621625878340659,5566.5300945520285,5566.5300945520285,2.162599104332567,2.162599104332567,Underprediction,1
2,2007-04-01,HistGradientBoosting Growth,242200,262056.61362564543,-5.905205905205902,1.8090962026594533,-19856.613625645434,19856.613625645434,-8.198436674502656,8.198436674502656,Overprediction,2
2,2007-07-01,HistGradientBoosting Growth,241800,249894.0904288762,-0.1651527663088403,3.176750796398094,-8094.090428876196,8094.090428876196,-3.347431939154754,3.347431939154754,Overprediction,3
2,2007-10-01,HistGradientBoosting Growth,238400,249413.91855526148,-1.4061207609594728,3.14884969200226,-11013.91855526148,11013.91855526148,-4.61993227989156,4.61993227989156,Overprediction,4
2,2008-01-01,HistGradientBoosting Growth,233900,250086.35149675503,-1.8875838926174504,4.901993077497926,-16186.351496755029,16186.351496755029,-6.920201580485262,6.920201580485262,Overprediction,1
2,2008-04-01,HistGradientBoosting Growth,235300,245297.81788956825,0.5985463873450225,4.87294480101251,-9997.81788956825,9997.81788956825,-4.248966378907034,4.248966378907034,Overprediction,2
2,2008-07-01,HistGradientBoosting Growth,226500,240676.4078327089,-3.739906502337442,2.284916205996132,-14176.407832708908,14176.407832708908,-6.258899705390246,6.258899705390246,Overprediction,3
2,2008-10-01,HistGradientBoosting Growth,222500,237118.81093547613,-1.7660044150110354,4.688216748554593,-14618.810935476125,14618.810935476125,-6.570252105831967,6.570252105831967,Overprediction,4
2,2009-01-01,HistGradientBoosting Growth,208400,233406.93459743288,-6.33707865168539,4.901993077497926,-25006.934597432875,25006.934597432875,-11.999488770361264,11.999488770361264,Overprediction,1
2,2009-04-01,HistGradientBoosting Growth,220900,218555.21696531004,5.99808061420346,4.87294480101251,2344.7830346899573,2344.7830346899573,1.0614681008103022,1.0614681008103022,Underprediction,2
2,2009-07-01,HistGradientBoosting Growth,214300,220422.62551806765,-2.987777274784975,-0.216104337678744,-6122.625518067653,6122.625518067653,-2.8570347727800525,2.8570347727800525,Overprediction,3
2,2009-10-01,HistGradientBoosting Growth,219000,224346.8484921525,2.1931871208586085,4.688216748554593,-5346.848492152494,5346.848492152494,-2.4414833297499974,2.4414833297499974,Overprediction,4
2,2010-01-01,HistGradientBoosting Growth,222900,224721.404603026,1.7808219178082174,2.612513517363471,-1821.4046030259924,1821.4046030259924,-0.8171397949869862,0.8171397949869862,Overprediction,1
2,2010-04-01,HistGradientBoosting Growth,219500,224067.08410396957,-1.5253476895468854,0.5235908945578983,-4567.084103969566,4567.084103969566,-2.080676129371101,2.080676129371101,Overprediction,2
2,2010-07-01,HistGradientBoosting Growth,224100,226472.96799809384,2.095671981776759,3.176750796398094,-2372.967998093838,2372.967998093838,-1.0588879955795798,1.0588879955795798,Overprediction,3
2,2010-10-01,HistGradientBoosting Growth,224300,226635.4131021124,0.0892458723783962,1.1313757706882757,-2335.4131021123903,2335.4131021123903,-1.0412006696889837,1.0412006696889837,Overprediction,4
2,2011-01-01,HistGradientBoosting Growth,226900,231672.3786969968,1.1591618368256729,3.2868384739174115,-4772.378696996806,4772.378696996806,-2.1032960321713556,2.1032960321713556,Overprediction,1
2,2011-04-01,HistGradientBoosting Growth,228100,236138.1322958953,0.5288673424415968,4.071455397045091,-8038.13229589531,8038.13229589531,-3.523951028450377,3.523951028450377,Overprediction,2
2,2006-07-01,Seasonal Naive (Lag 4),235600,236400.0,,,-800.0,800.0,-0.3395585738539898,0.3395585738539898,Overprediction,3
2,2006-10-01,Seasonal Naive (Lag 4),245400,243600.0,,,1800.0,1800.0,0.7334963325183375,0.7334963325183375,Underprediction,4
2,2007-01-01,Seasonal Naive (Lag 4),257400,247700.0,,,9700.0,9700.0,3.7684537684537687,3.7684537684537687,Underprediction,1
2,2007-04-01,Seasonal Naive (Lag 4),242200,246300.0,,,-4100.0,4100.0,-1.6928158546655656,1.6928158546655656,Overprediction,2
2,2007-07-01,Seasonal Naive (Lag 4),241800,235600.0,,,6200.0,6200.0,2.564102564102564,2.564102564102564,Underprediction,3
2,2007-10-01,Seasonal Naive (Lag 4),238400,245400.0,,,-7000.0,7000.0,-2.936241610738255,2.936241610738255,Overprediction,4
2,2008-01-01,Seasonal Naive (Lag 4),233900,257400.0,,,-23500.0,23500.0,-10.047028644719965,10.047028644719965,Overprediction,1
2,2008-04-01,Seasonal Naive (Lag 4),235300,242200.0,,,-6900.0,6900.0,-2.932426689332767,2.932426689332767,Overprediction,2
2,2008-07-01,Seasonal Naive (Lag 4),226500,241800.0,,,-15300.0,15300.0,-6.754966887417218,6.754966887417218,Overprediction,3
2,2008-10-01,Seasonal Naive (Lag 4),222500,238400.0,,,-15900.0,15900.0,-7.146067415730337,7.146067415730337,Overprediction,4
2,2009-01-01,Seasonal Naive (Lag 4),208400,233900.0,,,-25500.0,25500.0,-12.236084452975048,12.236084452975048,Overprediction,1
2,2009-04-01,Seasonal Naive (Lag 4),220900,235300.0,,,-14400.0,14400.0,-6.518786781349027,6.518786781349027,Overprediction,2
2,2009-07-01,Seasonal Naive (Lag 4),214300,226500.0,,,-12200.0,12200.0,-5.692953803079795,5.692953803079795,Overprediction,3
2,2009-10-01,Seasonal Naive (Lag 4),219000,222500.0,,,-3500.0,3500.0,-1.5981735159817352,1.5981735159817352,Overprediction,4
2,2010-01-01,Seasonal Naive (Lag 4),222900,208400.0,,,14500.0,14500.0,6.505159264244055,6.505159264244055,Underprediction,1
2,2010-04-01,Seasonal Naive (Lag 4),219500,220900.0,,,-1400.0,1400.0,-0.6378132118451025,0.6378132118451025,Overprediction,2
2,2010-07-01,Seasonal Naive (Lag 4),224100,214300.0,,,9800.0,9800.0,4.373047746541722,4.373047746541722,Underprediction,3
2,2010-10-01,Seasonal Naive (Lag 4),224300,219000.0,,,5300.0,5300.0,2.3629068212215785,2.3629068212215785,Underprediction,4
2,2011-01-01,Seasonal Naive (Lag 4),226900,222900.0,,,4000.0,4000.0,1.762891141472014,1.762891141472014,Underprediction,1
2,2011-04-01,Seasonal Naive (Lag 4),228100,219500.0,,,8600.0,8600.0,3.7702761946514687,3.7702761946514687,Underprediction,2
3,2011-07-01,Random Forest Growth,223500,228155.94393879277,-2.016659359929851,0.0245260582168949,-4655.9439387927705,4655.9439387927705,-2.08319639319587,2.08319639319587,Overprediction,3
3,2011-10-01,Random Forest Growth,221100,228425.90952439752,-1.0738255033557076,2.203986364383681,-7325.909524397517,7325.909524397517,-3.3133919151503917,3.3133919151503917,Overprediction,4
3,2012-01-01,Random Forest Growth,238400,226050.72442529583,7.824513794663046,2.239133616144662,12349.275574704167,12349.275574704167,5.180065257845707,5.180065257845707,Underprediction,1
3,2012-04-01,Random Forest Growth,238700,238326.82746146,0.1258389261745041,-0.0306931789177984,373.1725385400059,373.1725385400059,0.15633537433598907,0.15633537433598907,Underprediction,2
3,2012-07-01,Random Forest Growth,248800,237690.9112977161,4.2312526183494015,-0.4227434865035231,11109.088702283887,11109.088702283887,4.465067806384199,4.465067806384199,Underprediction,3
3,2012-10-01,Random Forest Growth,251700,247697.42670751724,1.165594855305474,-0.4431564680397012,4002.5732924827607,4002.5732924827607,1.5902158492184189,1.5902158492184189,Underprediction,4
3,2013-01-01,Random Forest Growth,258400,248279.7976094544,2.661899086213748,-1.3588408385163324,10120.2023905456,10120.2023905456,3.9164869932452016,3.9164869932452016,Underprediction,1
3,2013-04-01,Random Forest Growth,268100,253960.2049720601,3.7538699690402577,-1.7181869303172974,14139.795027939894,14139.795027939894,5.274074982446809,5.274074982446809,Underprediction,2
3,2013-07-01,Random Forest Growth,264800,263720.2888098824,-1.2308839985080144,-1.6336110369703782,1079.7111901175813,1079.7111901175813,0.4077459177181198,0.4077459177181198,Underprediction,3
3,2013-10-01,Random Forest Growth,273600,263454.3700850388,3.32326283987916,-0.5081683968886727,10145.629914961173,10145.629914961173,3.708198068333762,3.708198068333762,Underprediction,4
3,2014-01-01,Random Forest Growth,275200,270924.6981447842,0.5847953216374213,-0.9778150055613364,4275.301855215803,4275.301855215803,1.5535253834359748,1.5535253834359748,Underprediction,1
3,2014-04-01,Random Forest Growth,288000,270171.4182860402,4.651162790697683,-1.8272462623400456,17828.581713959808,17828.581713959808,6.1904797617916,6.1904797617916,Underprediction,2
3,2014-07-01,Random Forest Growth,281000,281318.6734136561,-2.430555555555558,-2.319905064702745,-318.6734136561281,318.6734136561281,-0.1134069087744228,0.1134069087744228,Overprediction,3
3,2014-10-01,Random Forest Growth,298900,280426.4620558705,6.370106761565841,-0.2041060299393247,18473.537944129494,18473.537944129494,6.180507843469218,6.180507843469218,Underprediction,4
3,2015-01-01,Random Forest Growth,289200,293302.03379131627,-3.2452325192372067,-1.87285587443418,-4102.033791316266,4102.033791316266,-1.418407258408114,1.418407258408114,Overprediction,1
3,2015-04-01,Random Forest Growth,289100,287567.54365148843,-0.0345781466113415,-0.5644731495544882,1532.456348511565,1532.456348511565,0.5300782941928623,0.5300782941928623,Underprediction,2
3,2015-07-01,Random Forest Growth,295800,284190.4699479608,2.3175371843652703,-1.6982117094566511,11609.53005203919,11609.53005203919,3.9247904165108825,3.9247904165108825,Underprediction,3
3,2015-10-01,Random Forest Growth,302500,290747.19248117425,2.265043948613932,-1.7081837453772042,11752.80751882575,11752.80751882575,3.885225626058099,3.885225626058099,Underprediction,4
3,2016-01-01,Random Forest Growth,299800,299551.4700504828,-0.8925619834710741,-0.9747206444684996,248.52994951722212,248.52994951722212,0.08289858222722553,0.08289858222722553,Underprediction,1
3,2016-04-01,Random Forest Growth,306000,296488.7012191071,2.068045363575721,-1.1045025953612169,9511.298780892917,9511.298780892917,3.108267575455202,3.108267575455202,Underprediction,2
3,2011-07-01,HistGradientBoosting Growth,223500,223357.389277395,-2.016659359929851,-2.0791805009228344,142.6107226049935,142.6107226049935,0.0638079295771783,0.0638079295771783,Underprediction,3
3,2011-10-01,HistGradientBoosting Growth,221100,227938.35121450503,-1.0738255033557076,1.985839469577197,-6838.351214505034,6838.351214505034,-3.0928770757598523,3.0928770757598523,Overprediction,4
3,2012-01-01,HistGradientBoosting Growth,238400,219449.64871305117,7.824513794663046,-0.7464275381948701,18950.351286948833,18950.351286948833,7.948972855263772,7.948972855263772,Underprediction,1
3,2012-04-01,HistGradientBoosting Growth,238700,234968.03839933584,0.1258389261745041,-1.4395812083322816,3731.961600664159,3731.961600664159,1.563452702414813,1.563452702414813,Underprediction,2
3,2012-07-01,HistGradientBoosting Growth,248800,233056.23351074487,4.2312526183494015,-2.364376409407259,15743.766489255126,15743.766489255126,6.327880421726337,6.327880421726337,Underprediction,3
3,2012-10-01,HistGradientBoosting Growth,251700,248499.2036505206,1.165594855305474,-0.1208988542923667,3200.7963494794094,3200.7963494794094,1.2716711757963486,1.2716711757963486,Underprediction,4
3,2013-01-01,HistGradientBoosting Growth,258400,252105.1576213085,2.661899086213748,0.1609684629751744,6294.842378691508,6294.842378691508,2.4360845118775187,2.4360845118775187,Underprediction,1
3,2013-04-01,HistGradientBoosting Growth,268100,257579.338403448,3.7538699690402577,-0.317593497117654,10520.661596552003,10520.661596552003,3.9241557614889975,3.9241557614889975,Underprediction,2
3,2013-07-01,HistGradientBoosting Growth,264800,264928.8641580405,-1.2308839985080144,-1.182818292413101,-128.86415804049466,128.86415804049466,-0.04866471225094209,0.04866471225094209,Overprediction,3
3,2013-10-01,HistGradientBoosting Growth,273600,266860.2879641879,3.32326283987916,0.7780543671404424,6739.712035812088,6739.712035812088,2.4633450423289798,2.4633450423289798,Underprediction,4
3,2014-01-01,HistGradientBoosting Growth,275200,273783.893317258,0.5847953216374213,0.0672124697580304,1416.1066827420145,1416.1066827420145,0.5145736492521855,0.5145736492521855,Underprediction,1
3,2014-04-01,HistGradientBoosting Growth,288000,274615.2715639397,4.651162790697683,-0.2124739956614569,13384.728436060308,13384.728436060308,4.64747515140983,4.64747515140983,Underprediction,2
3,2014-07-01,HistGradientBoosting Growth,281000,279155.0401579885,-2.430555555555558,-3.0711666118095318,1844.9598420115071,1844.9598420115071,0.6565693387941307,0.6565693387941307,Underprediction,3
3,2014-10-01,HistGradientBoosting Growth,298900,283777.52153682656,6.370106761565841,0.9884418280521536,15122.478463173436,15122.478463173436,5.059377204139658,5.059377204139658,Underprediction,4
3,2015-01-01,HistGradientBoosting Growth,289200,294498.8389238657,-3.2452325192372067,-1.472452685223922,-5298.838923865696,5298.838923865696,-1.8322402917931178,1.8322402917931178,Overprediction,1
3,2015-04-01,HistGradientBoosting Growth,289100,288567.44822067604,-0.0345781466113415,-0.2187246816472896,532.551779323956,532.551779323956,0.1842102315198741,0.1842102315198741,Underprediction,2
3,2015-07-01,HistGradientBoosting Growth,295800,288721.2865755313,2.3175371843652703,-0.1309973796156033,7078.713424468704,7078.713424468704,2.393074180009704,2.393074180009704,Underprediction,3
3,2015-10-01,HistGradientBoosting Growth,302500,292575.59863743343,2.265043948613932,-1.0900613125647678,9924.401362566568,9924.401362566568,3.2807938388649815,3.2807938388649815,Underprediction,4
3,2016-01-01,HistGradientBoosting Growth,299800,306622.500850597,-0.8925619834710741,1.362810198544458,-6822.500850596989,6822.500850596989,-2.2756840729142724,2.2756840729142724,Overprediction,1
3,2016-04-01,HistGradientBoosting Growth,306000,298857.03587703547,2.068045363575721,-0.3145310616959663,7142.964122964535,7142.964122964535,2.3343020009688025,2.3343020009688025,Underprediction,2
3,2011-07-01,Seasonal Naive (Lag 4),223500,224100.0,,,-600.0,600.0,-0.2684563758389262,0.2684563758389262,Overprediction,3
3,2011-10-01,Seasonal Naive (Lag 4),221100,224300.0,,,-3200.0,3200.0,-1.4473089099954772,1.4473089099954772,Overprediction,4
3,2012-01-01,Seasonal Naive (Lag 4),238400,226900.0,,,11500.0,11500.0,4.823825503355705,4.823825503355705,Underprediction,1
3,2012-04-01,Seasonal Naive (Lag 4),238700,228100.0,,,10600.0,10600.0,4.440720569752828,4.440720569752828,Underprediction,2
3,2012-07-01,Seasonal Naive (Lag 4),248800,223500.0,,,25300.0,25300.0,10.168810289389068,10.168810289389068,Underprediction,3
3,2012-10-01,Seasonal Naive (Lag 4),251700,221100.0,,,30600.0,30600.0,12.157330154946365,12.157330154946365,Underprediction,4
3,2013-01-01,Seasonal Naive (Lag 4),258400,238400.0,,,20000.0,20000.0,7.739938080495357,7.739938080495357,Underprediction,1
3,2013-04-01,Seasonal Naive (Lag 4),268100,238700.0,,,29400.0,29400.0,10.966057441253264,10.966057441253264,Underprediction,2
3,2013-07-01,Seasonal Naive (Lag 4),264800,248800.0,,,16000.0,16000.0,6.042296072507553,6.042296072507553,Underprediction,3
3,2013-10-01,Seasonal Naive (Lag 4),273600,251700.0,,,21900.0,21900.0,8.00438596491228,8.00438596491228,Underprediction,4
3,2014-01-01,Seasonal Naive (Lag 4),275200,258400.0,,,16800.0,16800.0,6.104651162790697,6.104651162790697,Underprediction,1
3,2014-04-01,Seasonal Naive (Lag 4),288000,268100.0,,,19900.0,19900.0,6.909722222222222,6.909722222222222,Underprediction,2
3,2014-07-01,Seasonal Naive (Lag 4),281000,264800.0,,,16200.0,16200.0,5.765124555160142,5.765124555160142,Underprediction,3
3,2014-10-01,Seasonal Naive (Lag 4),298900,273600.0,,,25300.0,25300.0,8.464369354299096,8.464369354299096,Underprediction,4
3,2015-01-01,Seasonal Naive (Lag 4),289200,275200.0,,,14000.0,14000.0,4.840940525587829,4.840940525587829,Underprediction,1
3,2015-04-01,Seasonal Naive (Lag 4),289100,288000.0,,,1100.0,1100.0,0.38049117952265654,0.38049117952265654,Underprediction,2
3,2015-07-01,Seasonal Naive (Lag 4),295800,281000.0,,,14800.0,14800.0,5.003380662609872,5.003380662609872,Underprediction,3
3,2015-10-01,Seasonal Naive (Lag 4),302500,298900.0,,,3600.0,3600.0,1.1900826446280992,1.1900826446280992,Underprediction,4
3,2016-01-01,Seasonal Naive (Lag 4),299800,289200.0,,,10600.0,10600.0,3.5356904603068715,3.5356904603068715,Underprediction,1
3,2016-04-01,Seasonal Naive (Lag 4),306000,289100.0,,,16900.0,16900.0,5.522875816993464,5.522875816993464,Underprediction,2
4,2016-07-01,Random Forest Growth,303800,306880.2777225012,-0.7189542483660105,0.2876724583337136,-3080.277722501196,3080.277722501196,-1.0139163010208019,1.0139163010208019,Overprediction,3
4,2016-10-01,Random Forest Growth,310900,307848.79781683354,2.3370638578011915,1.3327181753895814,3051.2021831664606,3051.2021831664606,0.9814095153317661,0.9814095153317661,Underprediction,4
4,2017-01-01,Random Forest Growth,313100,312529.35121069266,0.7076230299131625,0.5240756547740933,570.6487893073354,570.6487893073354,0.18225767783690047,0.18225767783690047,Underprediction,1
4,2017-04-01,Random Forest Growth,318200,317550.21221886185,1.6288725646758315,1.421338939272387,649.7877811381477,649.7877811381477,0.2042073479378214,0.2042073479378214,Underprediction,2
4,2017-07-01,Random Forest Growth,320500,318925.0129095925,0.7228158390949035,0.2278481802616156,1574.9870904075215,1574.9870904075215,0.49141562883230006,0.49141562883230006,Underprediction,3
4,2017-10-01,Random Forest Growth,337900,326318.4429584847,5.429017160686422,1.8154268201200443,11581.557041515305,11581.557041515305,3.4275102224076073,3.4275102224076073,Underprediction,4
4,2018-01-01,Random Forest Growth,331800,329971.7431113398,-1.8052678307191483,-2.3463323138976584,1828.2568886601948,1828.2568886601948,0.5510117205124155,0.5510117205124155,Underprediction,1
4,2018-04-01,Random Forest Growth,315600,341125.66725839634,-4.88245931283906,2.8106290712466397,-25525.667258396337,25525.667258396337,-8.087980753611006,8.087980753611006,Overprediction,2
4,2018-07-01,Random Forest Growth,330900,323017.6440041147,4.847908745247143,2.350330799782853,7882.355995885271,7882.355995885271,2.382096100297755,2.382096100297755,Underprediction,3
4,2018-10-01,Random Forest Growth,322800,324222.4734289514,-2.447869446962825,-2.017989293154615,-1422.4734289514017,1422.4734289514017,-0.4406671093405829,0.4406671093405829,Overprediction,4
4,2019-01-01,Random Forest Growth,313000,323502.6025241437,-3.035935563816605,0.2176587745178593,-10502.602524143702,10502.602524143702,-3.35546406522163,3.35546406522163,Overprediction,1
4,2019-04-01,Random Forest Growth,322500,313004.648322204,3.035143769968052,0.0014850869661311,9495.351677795989,9495.351677795989,2.944295093890229,2.944295093890229,Underprediction,2
4,2019-07-01,Random Forest Growth,318400,323579.9083843183,-1.2713178294573635,0.3348553129669013,-5179.908384318289,5179.908384318289,-1.626855648341171,1.626855648341171,Overprediction,3
4,2019-10-01,Random Forest Growth,327100,319532.35345995927,2.7324120603015034,0.3556386494846806,7567.646540040732,7567.646540040732,2.313557487019484,2.313557487019484,Underprediction,4
4,2020-01-01,Random Forest Growth,329000,330770.90671261976,0.5808621216753185,1.1222582429286962,-1770.9067126197624,1770.9067126197624,-0.5382695175136055,0.5382695175136055,Overprediction,1
4,2020-04-01,Random Forest Growth,317100,334645.41155546,-3.617021276595744,1.7159305639696194,-17545.411555460014,17545.411555460014,-5.533084691094296,5.533084691094296,Overprediction,2
4,2020-07-01,Random Forest Growth,327900,322023.0267209335,3.4058656575212787,1.5525155222117628,5876.9732790665,5876.9732790665,1.7923065809900884,1.7923065809900884,Underprediction,3
4,2020-10-01,Random Forest Growth,338600,331320.921635512,3.2631899969503,1.0432819870423855,7279.0783644880285,7279.0783644880285,2.149757343321922,2.149757343321922,Underprediction,4
4,2021-01-01,Random Forest Growth,355000,342160.2346763572,4.843473124630826,1.0514573763606534,12839.765323642816,12839.765323642816,3.6168353024345965,3.6168353024345965,Underprediction,1
4,2021-04-01,Random Forest Growth,367800,347629.8796980227,3.60563380281691,-2.0760902259091054,20170.120301977324,20170.120301977324,5.483991381723035,5.483991381723035,Underprediction,2
4,2016-07-01,HistGradientBoosting Growth,303800,304545.6660326314,-0.7189542483660105,-0.4752725383557377,-745.6660326314159,745.6660326314159,-0.24544635702153256,0.24544635702153256,Overprediction,3
4,2016-10-01,HistGradientBoosting Growth,310900,305381.95844658447,2.3370638578011915,0.5207236493036388,5518.041553415533,5518.041553415533,1.774860583279361,1.774860583279361,Underprediction,4
4,2017-01-01,HistGradientBoosting Growth,313100,311350.2017296523,0.7076230299131625,0.1448059600039414,1749.7982703477028,1749.7982703477028,0.5588624306444275,0.5588624306444275,Underprediction,1
4,2017-04-01,HistGradientBoosting Growth,318200,317037.19631233346,1.6288725646758315,1.2574884421377954,1162.8036876665428,1162.8036876665428,0.3654317057405854,0.3654317057405854,Underprediction,2
4,2017-07-01,HistGradientBoosting Growth,320500,315941.8094983799,0.7228158390949035,-0.7096764618542101,4558.19050162012,4558.19050162012,1.4222123249984775,1.4222123249984775,Underprediction,3
4,2017-10-01,HistGradientBoosting Growth,337900,325292.6245543757,5.429017160686422,1.4953586753122363,12607.37544562429,12607.37544562429,3.731096610128526,3.731096610128526,Underprediction,4
4,2018-01-01,HistGradientBoosting Growth,331800,331943.63946415257,-1.8052678307191483,-1.76275837107056,-143.63946415256942,143.63946415256942,-0.04329097774339042,0.04329097774339042,Overprediction,1
4,2018-04-01,HistGradientBoosting Growth,315600,339037.6877912683,-4.88245931283906,2.181340503697488,-23437.687791268283,23437.687791268283,-7.426390301415806,7.426390301415806,Overprediction,2
4,2018-07-01,HistGradientBoosting Growth,330900,323816.44845951366,4.847908745247143,2.6034374079574345,7083.55154048634,7083.55154048634,2.1406925175238256,2.1406925175238256,Underprediction,3
4,2018-10-01,HistGradientBoosting Growth,322800,326294.90325135883,-2.447869446962825,-1.391688349544014,-3494.9032513588318,3494.9032513588318,-1.0826837829488325,1.0826837829488325,Overprediction,4
4,2019-01-01,HistGradientBoosting Growth,313000,326344.5058078039,-3.035935563816605,1.0980501263333018,-13344.505807803886,13344.505807803886,-4.263420385879836,4.263420385879836,Overprediction,1
4,2019-04-01,HistGradientBoosting Growth,322500,316348.50959334994,3.035143769968052,1.0698113716773054,6151.49040665006,6151.49040665006,1.9074388857829645,1.9074388857829645,Underprediction,2
4,2019-07-01,HistGradientBoosting Growth,318400,322566.11451320787,-1.2713178294573635,0.0205006242504953,-4166.114513207867,4166.114513207867,-1.3084530506306116,1.3084530506306116,Overprediction,3
4,2019-10-01,HistGradientBoosting Growth,327100,321392.53241196566,2.7324120603015034,0.939865707275634,5707.467588034342,5707.467588034342,1.7448693329362097,1.7448693329362097,Underprediction,4
4,2020-01-01,HistGradientBoosting Growth,329000,333829.4132560405,0.5808621216753185,2.057295400807245,-4829.413256040483,4829.413256040483,-1.4679067647539463,1.4679067647539463,Overprediction,1
4,2020-04-01,HistGradientBoosting Growth,317100,333072.45356009254,-3.617021276595744,1.2378278298153658,-15972.453560092545,15972.453560092545,-5.037039911728964,5.037039911728964,Overprediction,2
4,2020-07-01,HistGradientBoosting Growth,327900,317484.9794844012,3.4058656575212787,0.1214063337752005,10415.020515598822,10415.020515598822,3.176279510704124,3.176279510704124,Underprediction,3
4,2020-10-01,HistGradientBoosting Growth,338600,333297.75269657566,3.2631899969503,1.6461581874277684,5302.247303424345,5302.247303424345,1.5659324581879341,1.5659324581879341,Underprediction,4
4,2021-01-01,HistGradientBoosting Growth,355000,343099.48669537,4.843473124630826,1.3288501758328426,11900.513304630003,11900.513304630003,3.35225726890986,3.35225726890986,Underprediction,1
4,2021-04-01,HistGradientBoosting Growth,367800,349382.0831453915,3.60563380281691,-1.5825117900305663,18417.916854608513,18417.916854608513,5.007590226919118,5.007590226919118,Underprediction,2
4,2016-07-01,Seasonal Naive (Lag 4),303800,295800.0,,,8000.0,8000.0,2.633311389071758,2.633311389071758,Underprediction,3
4,2016-10-01,Seasonal Naive (Lag 4),310900,302500.0,,,8400.0,8400.0,2.7018333869411384,2.7018333869411384,Underprediction,4
4,2017-01-01,Seasonal Naive (Lag 4),313100,299800.0,,,13300.0,13300.0,4.247844139252635,4.247844139252635,Underprediction,1
4,2017-04-01,Seasonal Naive (Lag 4),318200,306000.0,,,12200.0,12200.0,3.8340666247642994,3.8340666247642994,Underprediction,2
4,2017-07-01,Seasonal Naive (Lag 4),320500,303800.0,,,16700.0,16700.0,5.210608424336974,5.210608424336974,Underprediction,3
4,2017-10-01,Seasonal Naive (Lag 4),337900,310900.0,,,27000.0,27000.0,7.990529742527375,7.990529742527375,Underprediction,4
4,2018-01-01,Seasonal Naive (Lag 4),331800,313100.0,,,18700.0,18700.0,5.635925256178421,5.635925256178421,Underprediction,1
4,2018-04-01,Seasonal Naive (Lag 4),315600,318200.0,,,-2600.0,2600.0,-0.8238276299112801,0.8238276299112801,Overprediction,2
4,2018-07-01,Seasonal Naive (Lag 4),330900,320500.0,,,10400.0,10400.0,3.1429434874584468,3.1429434874584468,Underprediction,3
4,2018-10-01,Seasonal Naive (Lag 4),322800,337900.0,,,-15100.0,15100.0,-4.677819083023544,4.677819083023544,Overprediction,4
4,2019-01-01,Seasonal Naive (Lag 4),313000,331800.0,,,-18800.0,18800.0,-6.006389776357827,6.006389776357827,Overprediction,1
4,2019-04-01,Seasonal Naive (Lag 4),322500,315600.0,,,6900.0,6900.0,2.1395348837209305,2.1395348837209305,Underprediction,2
4,2019-07-01,Seasonal Naive (Lag 4),318400,330900.0,,,-12500.0,12500.0,-3.925879396984925,3.925879396984925,Overprediction,3
4,2019-10-01,Seasonal Naive (Lag 4),327100,322800.0,,,4300.0,4300.0,1.3145826964231122,1.3145826964231122,Underprediction,4
4,2020-01-01,Seasonal Naive (Lag 4),329000,313000.0,,,16000.0,16000.0,4.86322188449848,4.86322188449848,Underprediction,1
4,2020-04-01,Seasonal Naive (Lag 4),317100,322500.0,,,-5400.0,5400.0,-1.7029328287606436,1.7029328287606436,Overprediction,2
4,2020-07-01,Seasonal Naive (Lag 4),327900,318400.0,,,9500.0,9500.0,2.8972247636474537,2.8972247636474537,Underprediction,3
4,2020-10-01,Seasonal Naive (Lag 4),338600,327100.0,,,11500.0,11500.0,3.396337861783816,3.396337861783816,Underprediction,4
4,2021-01-01,Seasonal Naive (Lag 4),355000,329000.0,,,26000.0,26000.0,7.323943661971831,7.323943661971831,Underprediction,1
4,2021-04-01,Seasonal Naive (Lag 4),367800,317100.0,,,50700.0,50700.0,13.784665579119087,13.784665579119087,Underprediction,2
5,2021-07-01,Random Forest Growth,395200,371563.5979180013,7.449700924415437,1.0232729521482542,23636.402081998705,23636.402081998705,5.980870972165665,5.980870972165665,Underprediction,3
5,2021-10-01,Random Forest Growth,414000,399480.2708582591,4.757085020242924,1.0830644884258875,14519.729141740885,14519.729141740885,3.5071809521113253,3.5071809521113253,Underprediction,4
5,2022-01-01,Random Forest Growth,413500,418701.8626660837,-0.1207729468599039,1.135715619826967,-5201.862666083674,5201.862666083674,-1.2580078998993167,1.2580078998993167,Overprediction,1
5,2022-04-01,Random Forest Growth,437700,416306.0079208156,5.852478839177744,0.6785992553362863,21393.99207918439,21393.99207918439,4.887820899973587,4.887820899973587,Underprediction,2
5,2022-07-01,Random Forest Growth,438000,438345.5792183892,0.0685400959561377,0.1474935385856117,-345.57921838917537,345.57921838917537,-0.07889936492903547,0.07889936492903547,Overprediction,3
5,2022-10-01,Random Forest Growth,442600,446228.7342153808,1.050228310502277,1.878706441867769,-3628.7342153807986,3628.7342153807986,-0.81986764920488,0.81986764920488,Overprediction,4
5,2023-01-01,Random Forest Growth,429000,445976.53558038967,-3.072751920469952,0.7628864844983347,-16976.535580389667,16976.535580389667,-3.9572344010232325,3.9572344010232325,Overprediction,1
5,2023-04-01,Random Forest Growth,418500,430445.5200146957,-2.447552447552448,0.3369510523766163,-11945.520014695707,11945.520014695707,-2.8543655949093685,2.8543655949093685,Overprediction,2
5,2023-07-01,Random Forest Growth,435400,419088.72558357264,4.038231780167267,0.1406751693124609,16311.27441642736,16311.27441642736,3.746273407539587,3.746273407539587,Underprediction,3
5,2023-10-01,Random Forest Growth,423200,443774.9595025132,-2.8020211299954023,1.9235093023686671,-20574.95950251317,20574.95950251317,-4.861757916472866,4.861757916472866,Overprediction,4
5,2024-01-01,Random Forest Growth,426800,419922.4468743988,0.8506616257088817,-0.7744690750475414,6877.553125601204,6877.553125601204,1.6114229441427375,1.6114229441427375,Underprediction,1
5,2024-04-01,Random Forest Growth,414500,429590.5539902766,-2.881911902530454,0.6538317690432545,-15090.553990276589,15090.553990276589,-3.640664412611964,3.640664412611964,Overprediction,2
5,2024-07-01,Random Forest Growth,415300,421025.6837625941,0.1930036188178441,1.5743507268019683,-5725.683762594126,5725.683762594126,-1.378686193738051,1.378686193738051,Overprediction,3
5,2024-10-01,Random Forest Growth,419300,417323.1778394714,0.963159162051519,0.4871605681366326,1976.8221605286235,1976.8221605286235,0.471457705826049,0.471457705826049,Underprediction,4
5,2025-01-01,Random Forest Growth,423100,423799.1517674287,0.90627235869305,1.073014969575168,-699.1517674286733,699.1517674286733,-0.16524504075364532,0.16524504075364532,Overprediction,1
5,2025-04-01,Random Forest Growth,416100,426964.8788771858,-1.6544552115339115,0.9134670000439108,-10864.878877185809,10864.878877185809,-2.6111220565214635,2.6111220565214635,Overprediction,2
5,2025-07-01,Random Forest Growth,410100,419920.2264467778,-1.4419610670511895,0.9181029672621516,-9820.226446777815,9820.226446777815,-2.394593135034824,2.394593135034824,Overprediction,3
5,2025-10-01,Random Forest Growth,412300,416925.3695099288,0.536454523287011,1.664318339412029,-4625.369509928802,4625.369509928802,-1.1218456245279653,1.1218456245279653,Overprediction,4
5,2026-01-01,Random Forest Growth,408500,414372.5437631176,-0.9216589861751112,0.502678574610159,-5872.543763117574,5872.543763117574,-1.4375872125134819,1.4375872125134819,Overprediction,1
5,2026-04-01,Random Forest Growth,410700,408986.34651298827,0.5385556915544765,0.1190566739261372,1713.653487011732,1713.653487011732,0.41725188385968637,0.41725188385968637,Underprediction,2
5,2021-07-01,HistGradientBoosting Growth,395200,368354.20295647735,7.449700924415437,0.1506805210650783,26845.797043522645,26845.797043522645,6.792964838948038,6.792964838948038,Underprediction,3
5,2021-10-01,HistGradientBoosting Growth,414000,396817.7193247049,4.757085020242924,0.4093419343888752,17182.2806752951,17182.2806752951,4.15030934185872,4.15030934185872,Underprediction,4
5,2022-01-01,HistGradientBoosting Growth,413500,412721.8977457259,-0.1207729468599039,-0.3087203512739389,778.1022542741266,778.1022542741266,0.18817466850643932,0.18817466850643932,Underprediction,1
5,2022-04-01,HistGradientBoosting Growth,437700,421965.026498149,5.852478839177744,2.0471648121279253,15734.973501851026,15734.973501851026,3.5949219789470015,3.5949219789470015,Underprediction,2
5,2022-07-01,HistGradientBoosting Growth,438000,432993.01701268624,0.0685400959561377,-1.0753902187145898,5006.982987313764,5006.982987313764,1.1431468007565673,1.1431468007565673,Underprediction,3
5,2022-10-01,HistGradientBoosting Growth,442600,456454.2309886832,1.050228310502277,4.213294746274705,-13854.230988683179,13854.230988683179,-3.1301922703757747,3.1301922703757747,Overprediction,4
5,2023-01-01,HistGradientBoosting Growth,429000,451036.1150937895,-3.072751920469952,1.906035945275518,-22036.11509378953,22036.11509378953,-5.1366235649859044,5.1366235649859044,Overprediction,1
5,2023-04-01,HistGradientBoosting Growth,418500,437092.5460770422,-2.447552447552448,1.8863743769329044,-18592.546077042178,18592.546077042178,-4.442663339795025,4.442663339795025,Overprediction,2
5,2023-07-01,HistGradientBoosting Growth,435400,424744.1781411631,4.038231780167267,1.492037787613652,10655.82185883692,10655.82185883692,2.447363770977703,2.447363770977703,Underprediction,3
5,2023-10-01,HistGradientBoosting Growth,423200,447824.173726729,-2.8020211299954023,2.853507975821997,-24624.173726729,24624.173726729,-5.818566570588138,5.818566570588138,Overprediction,4
5,2024-01-01,HistGradientBoosting Growth,426800,425763.4901241792,0.8506616257088817,0.6057396323675004,1036.509875820775,1036.509875820775,0.24285610961124063,0.24285610961124063,Underprediction,1
5,2024-04-01,HistGradientBoosting Growth,414500,438747.467701725,-2.881911902530454,2.7993129572926643,-24247.46770172502,24247.46770172502,-5.849811267002418,5.849811267002418,Overprediction,2
5,2024-07-01,HistGradientBoosting Growth,415300,431177.5748965914,0.1930036188178441,4.023540385184905,-15877.574896591424,15877.574896591424,-3.8231579332028467,3.8231579332028467,Overprediction,3
5,2024-10-01,HistGradientBoosting Growth,419300,420949.3666115493,0.963159162051519,1.3603098029254284,-1649.3666115492815,1649.3666115492815,-0.39336193931535457,0.39336193931535457,Overprediction,4
5,2025-01-01,HistGradientBoosting Growth,423100,430888.244869883,0.90627235869305,2.7637121082477893,-7788.244869882998,7788.244869882998,-1.8407574733828875,1.8407574733828875,Overprediction,1
5,2025-04-01,HistGradientBoosting Growth,416100,435173.8212129613,-1.6544552115339115,2.8536566327018176,-19073.82121296128,19073.82121296128,-4.583951264830877,4.583951264830877,Overprediction,2
5,2025-07-01,HistGradientBoosting Growth,410100,429089.4061004124,-1.4419610670511895,3.1217029801519858,-18989.406100412423,18989.406100412423,-4.630433089590935,4.630433089590935,Overprediction,3
5,2025-10-01,HistGradientBoosting Growth,412300,425845.85689452966,0.536454523287011,3.839516433681936,-13545.856894529657,13545.856894529657,-3.285437034811947,3.285437034811947,Overprediction,4
5,2026-01-01,HistGradientBoosting Growth,408500,417406.40505635855,-0.9216589861751112,1.2385168703270717,-8906.405056358548,8906.405056358548,-2.1802705156324476,2.1802705156324476,Overprediction,1
5,2026-04-01,HistGradientBoosting Growth,410700,412421.5961850127,0.5385556915544765,0.959999066098583,-1721.5961850127205,1721.5961850127205,-0.41918582542311184,0.41918582542311184,Overprediction,2
5,2021-07-01,Seasonal Naive (Lag 4),395200,327900.0,,,67300.0,67300.0,17.029352226720647,17.029352226720647,Underprediction,3
5,2021-10-01,Seasonal Naive (Lag 4),414000,338600.0,,,75400.0,75400.0,18.21256038647343,18.21256038647343,Underprediction,4
5,2022-01-01,Seasonal Naive (Lag 4),413500,355000.0,,,58500.0,58500.0,14.147521160822249,14.147521160822249,Underprediction,1
5,2022-04-01,Seasonal Naive (Lag 4),437700,367800.0,,,69900.0,69900.0,15.969842357779301,15.969842357779301,Underprediction,2
5,2022-07-01,Seasonal Naive (Lag 4),438000,395200.0,,,42800.0,42800.0,9.771689497716896,9.771689497716896,Underprediction,3
5,2022-10-01,Seasonal Naive (Lag 4),442600,414000.0,,,28600.0,28600.0,6.461816538635337,6.461816538635337,Underprediction,4
5,2023-01-01,Seasonal Naive (Lag 4),429000,413500.0,,,15500.0,15500.0,3.613053613053613,3.613053613053613,Underprediction,1
5,2023-04-01,Seasonal Naive (Lag 4),418500,437700.0,,,-19200.0,19200.0,-4.587813620071684,4.587813620071684,Overprediction,2
5,2023-07-01,Seasonal Naive (Lag 4),435400,438000.0,,,-2600.0,2600.0,-0.5971520440973818,0.5971520440973818,Overprediction,3
5,2023-10-01,Seasonal Naive (Lag 4),423200,442600.0,,,-19400.0,19400.0,-4.584120982986768,4.584120982986768,Overprediction,4
5,2024-01-01,Seasonal Naive (Lag 4),426800,429000.0,,,-2200.0,2200.0,-0.5154639175257731,0.5154639175257731,Overprediction,1
5,2024-04-01,Seasonal Naive (Lag 4),414500,418500.0,,,-4000.0,4000.0,-0.9650180940892641,0.9650180940892641,Overprediction,2
5,2024-07-01,Seasonal Naive (Lag 4),415300,435400.0,,,-20100.0,20100.0,-4.839874789308933,4.839874789308933,Overprediction,3
5,2024-10-01,Seasonal Naive (Lag 4),419300,423200.0,,,-3900.0,3900.0,-0.9301216312902457,0.9301216312902457,Overprediction,4
5,2025-01-01,Seasonal Naive (Lag 4),423100,426800.0,,,-3700.0,3700.0,-0.8744977546679272,0.8744977546679272,Overprediction,1
5,2025-04-01,Seasonal Naive (Lag 4),416100,414500.0,,,1600.0,1600.0,0.38452295121365054,0.38452295121365054,Underprediction,2
5,2025-07-01,Seasonal Naive (Lag 4),410100,415300.0,,,-5200.0,5200.0,-1.2679834186783712,1.2679834186783712,Overprediction,3
5,2025-10-01,Seasonal Naive (Lag 4),412300,419300.0,,,-7000.0,7000.0,-1.697792869269949,1.697792869269949,Overprediction,4
5,2026-01-01,Seasonal Naive (Lag 4),408500,423100.0,,,-14600.0,14600.0,-3.5740514075887395,3.5740514075887395,Overprediction,1
5,2026-04-01,Seasonal Naive (Lag 4),410700,416100.0,,,-5400.0,5400.0,-1.3148283418553688,1.3148283418553688,Overprediction,2
